<?xml version="1.0" encoding="utf-8"?>
<!--/487150/95451/2.47/8/4/Connector/-->
<quadcept_library>
  <setting unit="mil" />
  <textstyle name="Default" height="47.244094488189" strokewidth="7.8740157480315" charwidth="47.244094488189" />
  <textstyle name="Dimension" height="19.6850393700787" strokewidth="0" charwidth="19.6850393700787" />
  <textstyle name="H127W0635TH00762" height="50" strokewidth="3" charwidth="25" />
  <textstyle name="H15W15TH02" height="59.0551181102362" strokewidth="7.8740157480315" charwidth="59.0551181102362" />
  <padstyle name="c301.5_h201" surface="False" plated="True" isvia="False" nopaste="True" nomask="True" complex="False" holesize="79.133858267716">
    <padshape layer="TOP" shape="round" width="118.70078740157" height="118.70078740157" />
    <padshape layer="INNER" shape="round" width="118.70078740157" height="118.70078740157" />
    <padshape layer="BOTTOM" shape="round" width="118.70078740157" height="118.70078740157" />
  </padstyle>
  <padstyle name="c534_h356" surface="False" plated="True" isvia="False" nopaste="True" nomask="True" complex="False" holesize="140.15748031496">
    <padshape layer="TOP" shape="round" width="210.23622047244" height="210.23622047244" />
    <padshape layer="INNER" shape="round" width="210.23622047244" height="210.23622047244" />
    <padshape layer="BOTTOM" shape="round" width="210.23622047244" height="210.23622047244" />
  </padstyle>
  <footprint name="DT154P" originx="0" originy="0" pickpointx="0" pickpointy="0">
    <pcbpin number="1" name="1" style="c301.5_h201" originx="0" originy="0" rotation="90" />
    <pcbpin number="2" name="2" style="c301.5_h201" originx="0" originy="175.1968503937" rotation="90" />
    <pcbpin number="3" name="3" style="c301.5_h201" originx="359.05511811023" originy="175.1968503937" rotation="90" />
    <pcbpin number="4" name="4" style="c301.5_h201" originx="359.05511811023" originy="0" rotation="90" />
    <pcbpin number="5" name="MH1" style="c534_h356" originx="-240.55118110236" originy="-252.95275590551" rotation="90" />
    <pcbpin number="6" name="MH2" style="c534_h356" originx="-240.55118110236" originy="428.14960629921" rotation="90" />
    <pcbpin number="7" name="MH3" style="c534_h356" originx="599.60629921259" originy="428.14960629921" rotation="90" />
    <pcbpin number="8" name="MH4" style="c534_h356" originx="599.60629921259" originy="-252.95275590551" rotation="90" />
    <line layer="TOP_ASSEMBLY" originx="-514.37007874015" originy="-667.32283464566" endx="873.42519685038" endy="-667.32283464566" width="7.8740157480314" />
    <line layer="TOP_ASSEMBLY" originx="873.42519685038" originy="-667.32283464566" endx="873.42519685038" endy="842.51968503936" width="7.8740157480314" />
    <line layer="TOP_ASSEMBLY" originx="873.42519685038" originy="842.51968503936" endx="-514.37007874015" endy="842.51968503936" width="7.8740157480314" />
    <line layer="TOP_ASSEMBLY" originx="-514.37007874015" originy="842.51968503936" endx="-514.37007874015" endy="-667.32283464566" width="7.8740157480314" />
    <line layer="TOP_SILKSCREEN" originx="-514.37007874015" originy="842.51968503936" endx="873.42519685038" endy="842.51968503936" width="3.9370078740157" />
    <line layer="TOP_SILKSCREEN" originx="873.42519685038" originy="842.51968503936" endx="873.42519685038" endy="-667.32283464566" width="3.9370078740157" />
    <line layer="TOP_SILKSCREEN" originx="873.42519685038" originy="-667.32283464566" endx="-514.37007874015" endy="-667.32283464566" width="3.9370078740157" />
    <line layer="TOP_SILKSCREEN" originx="-514.37007874015" originy="-667.32283464566" endx="-514.37007874015" endy="842.51968503936" width="3.9370078740157" />
    <line layer="TOP_PLACE_BOUND" originx="-602.3622047244" originy="881.88976377952" endx="912.79527559054" endy="881.88976377952" width="3.9370078740157" />
    <line layer="TOP_PLACE_BOUND" originx="912.79527559054" originy="881.88976377952" endx="912.79527559054" endy="-706.69291338582" width="3.9370078740157" />
    <line layer="TOP_PLACE_BOUND" originx="912.79527559054" originy="-706.69291338582" endx="-602.3622047244" endy="-706.69291338582" width="3.9370078740157" />
    <line layer="TOP_PLACE_BOUND" originx="-602.3622047244" originy="-706.69291338582" endx="-602.3622047244" endy="881.88976377952" width="3.9370078740157" />
    <line layer="TOP_SILKSCREEN" originx="-562.99212598425" originy="0" endx="-562.99212598425" endy="0" width="7.8740157480314" />
    <arc layer="TOP_SILKSCREEN" originx="-561.02362204724" originy="0" startangle="180.0" sweepangle="180.0" radius="1.9685039370079" width="7.8740157480314" />
    <line layer="TOP_SILKSCREEN" originx="-559.05511811023" originy="0" endx="-559.05511811023" endy="0" width="7.8740157480314" />
    <arc layer="TOP_SILKSCREEN" originx="-561.02362204724" originy="0" startangle=".0" sweepangle="180.0" radius="1.9685039370079" width="7.8740157480314" />
    <line layer="TOP_SILKSCREEN" originx="-562.99212598425" originy="0" endx="-562.99212598425" endy="0" width="7.8740157480314" />
    <arc layer="TOP_SILKSCREEN" originx="-561.02362204724" originy="0" startangle="180.0" sweepangle="180.0" radius="1.9685039370079" width="7.8740157480314" />
  </footprint>
  <symbol name="DT15-4P" originx="0" originy="0">
    <line originx="200" originy="100" endx="700" endy="100" width="10" />
    <line originx="700" originy="-400" endx="700" endy="100" width="10" />
    <line originx="700" originy="-400" endx="200" endy="-400" width="10" />
    <line originx="200" originy="100" endx="200" endy="-400" width="10" />
    <sympin number="1" originx="200" originy="0" rotation="180" length="100" width="7.8740157480315" flipped="False">
      <text name="pinname" originx="0" originy="0" style="Default" rotation="0" justify="left" flipped="False" hidden="False" data="1" />
      <text name="pindes" originx="0" originy="0" style="Default" rotation="0" justify="lowerright" flipped="False" hidden="False" data="1" />
    </sympin>
    <sympin number="2" originx="200" originy="-100" rotation="180" length="100" width="7.8740157480315" flipped="False">
      <text name="pinname" originx="0" originy="0" style="Default" rotation="0" justify="left" flipped="False" hidden="False" data="2" />
      <text name="pindes" originx="0" originy="0" style="Default" rotation="0" justify="lowerright" flipped="False" hidden="False" data="2" />
    </sympin>
    <sympin number="3" originx="200" originy="-200" rotation="180" length="100" width="7.8740157480315" flipped="False">
      <text name="pinname" originx="0" originy="0" style="Default" rotation="0" justify="left" flipped="False" hidden="False" data="3" />
      <text name="pindes" originx="0" originy="0" style="Default" rotation="0" justify="lowerright" flipped="False" hidden="False" data="3" />
    </sympin>
    <sympin number="4" originx="200" originy="-300" rotation="180" length="100" width="7.8740157480315" flipped="False">
      <text name="pinname" originx="0" originy="0" style="Default" rotation="0" justify="left" flipped="False" hidden="False" data="4" />
      <text name="pindes" originx="0" originy="0" style="Default" rotation="0" justify="lowerright" flipped="False" hidden="False" data="4" />
    </sympin>
    <sympin number="5" originx="700" originy="0" rotation="0" length="100" width="7.8740157480315" flipped="False">
      <text name="pinname" originx="0" originy="0" style="Default" rotation="0" justify="left" flipped="False" hidden="False" data="MH1" />
      <text name="pindes" originx="0" originy="0" style="Default" rotation="0" justify="lowerright" flipped="False" hidden="False" data="MH1" />
    </sympin>
    <sympin number="6" originx="700" originy="-100" rotation="0" length="100" width="7.8740157480315" flipped="False">
      <text name="pinname" originx="0" originy="0" style="Default" rotation="0" justify="left" flipped="False" hidden="False" data="MH2" />
      <text name="pindes" originx="0" originy="0" style="Default" rotation="0" justify="lowerright" flipped="False" hidden="False" data="MH2" />
    </sympin>
    <sympin number="7" originx="700" originy="-200" rotation="0" length="100" width="7.8740157480315" flipped="False">
      <text name="pinname" originx="0" originy="0" style="Default" rotation="0" justify="left" flipped="False" hidden="False" data="MH3" />
      <text name="pindes" originx="0" originy="0" style="Default" rotation="0" justify="lowerright" flipped="False" hidden="False" data="MH3" />
    </sympin>
    <sympin number="8" originx="700" originy="-300" rotation="0" length="100" width="7.8740157480315" flipped="False">
      <text name="pinname" originx="0" originy="0" style="Default" rotation="0" justify="left" flipped="False" hidden="False" data="MH4" />
      <text name="pindes" originx="0" originy="0" style="Default" rotation="0" justify="lowerright" flipped="False" hidden="False" data="MH4" />
    </sympin>
  </symbol>
  <component name="DT15-4P" designatorprefix="J" height="1194.8818897638" footprint="DT154P">
    <comppin designator="1" sympin="1" pinswap="0" gateswap="0" gate="1" group="1" side="" type="Any" name="1" />
    <comppin designator="2" sympin="2" pinswap="0" gateswap="0" gate="1" group="1" side="" type="Any" name="2" />
    <comppin designator="3" sympin="3" pinswap="0" gateswap="0" gate="1" group="1" side="" type="Any" name="3" />
    <comppin designator="4" sympin="4" pinswap="0" gateswap="0" gate="1" group="1" side="" type="Any" name="4" />
    <comppin designator="MH1" sympin="MH1" pinswap="0" gateswap="0" gate="1" group="1" side="" type="Any" name="MH1" />
    <comppin designator="MH2" sympin="MH2" pinswap="0" gateswap="0" gate="1" group="1" side="" type="Any" name="MH2" />
    <comppin designator="MH3" sympin="MH3" pinswap="0" gateswap="0" gate="1" group="1" side="" type="Any" name="MH3" />
    <comppin designator="MH4" sympin="MH4" pinswap="0" gateswap="0" gate="1" group="1" side="" type="Any" name="MH4" />
    <attached_symbol gate="1" name="DT15-4P" />
    <pinmap designator="1" footprintpin="1" />
    <pinmap designator="2" footprintpin="2" />
    <pinmap designator="3" footprintpin="3" />
    <pinmap designator="4" footprintpin="4" />
    <pinmap designator="MH1" footprintpin="5" />
    <pinmap designator="MH2" footprintpin="6" />
    <pinmap designator="MH3" footprintpin="7" />
    <pinmap designator="MH4" footprintpin="8" />
    <text name="Datasheet" originx="0" originy="0" style="Default" rotation="0" justify="" flipped="False" hidden="True" data="http://uk.rs-online.com/web/p/products/7242532" />
    <text name="Description" originx="0" originy="0" style="Default" rotation="0" justify="" flipped="False" hidden="True" data="Deutsch DT15 Series, 4.44mm Pitch 4 Way 2 Row Straight PCB Header, Solder Termination" />
    <text name="RS Part Number" originx="0" originy="0" style="Default" rotation="0" justify="" flipped="False" hidden="True" data="7242532" />
    <text name="RS Price/Stock" originx="0" originy="0" style="Default" rotation="0" justify="" flipped="False" hidden="True" data="http://uk.rs-online.com/web/p/products/7242532" />
    <text name="Manufacturer_Name" originx="0" originy="0" style="Default" rotation="0" justify="" flipped="False" hidden="True" data="TE Connectivity" />
    <text name="Manufacturer_Part_Number" originx="750" originy="200" style="Default" rotation="0" justify="left" flipped="False" hidden="False" data="DT15-4P" />
    <text name="Allied_Number" originx="0" originy="0" style="Default" rotation="0" justify="" flipped="False" hidden="True" data="70696154" />
  </component>
</quadcept_library>
