<?xml version="1.0" encoding="utf-8"?>
<!--/294103/95451/2.47/4/4/Connector/-->
<quadcept_library>
  <setting unit="mil" />
  <textstyle name="Default" height="47.244094488189" strokewidth="7.8740157480315" charwidth="47.244094488189" />
  <textstyle name="Dimension" height="19.6850393700787" strokewidth="0" charwidth="19.6850393700787" />
  <textstyle name="H127W0635TH00762" height="50" strokewidth="3" charwidth="25" />
  <textstyle name="H15W15TH02" height="59.0551181102362" strokewidth="7.8740157480315" charwidth="59.0551181102362" />
  <padstyle name="c160.5_h107" surface="False" plated="True" isvia="False" nopaste="True" nomask="True" complex="False" holesize="42.125984251968">
    <padshape layer="TOP" shape="round" width="63.188976377952" height="63.188976377952" />
    <padshape layer="INNER" shape="round" width="63.188976377952" height="63.188976377952" />
    <padshape layer="BOTTOM" shape="round" width="63.188976377952" height="63.188976377952" />
  </padstyle>
  <padstyle name="c53.5_h107" surface="False" plated="True" isvia="False" nopaste="True" nomask="True" complex="False" holesize="42.125984251968">
    <padshape layer="TOP" shape="round" width="21.062992125984" height="21.062992125984" />
    <padshape layer="INNER" shape="round" width="21.062992125984" height="21.062992125984" />
    <padshape layer="BOTTOM" shape="round" width="21.062992125984" height="21.062992125984" />
  </padstyle>
  <footprint name="430450413" originx="0" originy="0" pickpointx="0" pickpointy="0">
    <pcbpin number="1" name="1" style="c160.5_h107" originx="0" originy="0" rotation="90" />
    <pcbpin number="2" name="2" style="c160.5_h107" originx="-118.11023622047" originy="0" rotation="90" />
    <pcbpin number="3" name="3" style="c160.5_h107" originx="0" originy="118.11023622047" rotation="90" />
    <pcbpin number="4" name="4" style="c160.5_h107" originx="-118.11023622047" originy="118.11023622047" rotation="90" />
    <pcbpin number="5" name="MH1" style="c53.5_h107" originx="-236.22047244094" originy="155.11811023622" rotation="90" />
    <pcbpin number="6" name="MH2" style="c53.5_h107" originx="118.11023622047" originy="155.11811023622" rotation="90" />
    <line layer="TOP_ASSEMBLY" originx="-258.85826771653" originy="192.91338582677" endx="140.74803149606" endy="192.91338582677" width="7.8740157480314" />
    <line layer="TOP_ASSEMBLY" originx="140.74803149606" originy="192.91338582677" endx="140.74803149606" endy="-97.244094488188" width="7.8740157480314" />
    <line layer="TOP_ASSEMBLY" originx="140.74803149606" originy="-97.244094488188" endx="-258.85826771653" endy="-97.244094488188" width="7.8740157480314" />
    <line layer="TOP_ASSEMBLY" originx="-258.85826771653" originy="-97.244094488188" endx="-258.85826771653" endy="192.91338582677" width="7.8740157480314" />
    <line layer="TOP_PLACE_BOUND" originx="-298.22834645669" originy="232.28346456693" endx="220.47244094488" endy="232.28346456693" width="3.9370078740157" />
    <line layer="TOP_PLACE_BOUND" originx="220.47244094488" originy="232.28346456693" endx="220.47244094488" endy="-136.61417322834" width="3.9370078740157" />
    <line layer="TOP_PLACE_BOUND" originx="220.47244094488" originy="-136.61417322834" endx="-298.22834645669" endy="-136.61417322834" width="3.9370078740157" />
    <line layer="TOP_PLACE_BOUND" originx="-298.22834645669" originy="-136.61417322834" endx="-298.22834645669" endy="232.28346456693" width="3.9370078740157" />
    <line layer="TOP_SILKSCREEN" originx="-258.85826771653" originy="192.91338582677" endx="140.74803149606" endy="192.91338582677" width="3.9370078740157" />
    <line layer="TOP_SILKSCREEN" originx="-258.85826771653" originy="78.740157480314" endx="-258.85826771653" endy="-97.244094488188" width="3.9370078740157" />
    <line layer="TOP_SILKSCREEN" originx="-258.85826771653" originy="-97.244094488188" endx="140.74803149606" endy="-97.244094488188" width="3.9370078740157" />
    <line layer="TOP_SILKSCREEN" originx="140.74803149606" originy="-97.244094488188" endx="140.74803149606" endy="78.740157480314" width="3.9370078740157" />
    <line layer="TOP_SILKSCREEN" originx="177.16535433071" originy="0" endx="177.16535433071" endy="0" width="7.8740157480314" />
    <arc layer="TOP_SILKSCREEN" originx="179.13385826771" originy="0" startangle="180.0" sweepangle="180.0" radius="1.9685039370079" width="7.8740157480314" />
    <line layer="TOP_SILKSCREEN" originx="181.10236220472" originy="0" endx="181.10236220472" endy="0" width="7.8740157480314" />
    <arc layer="TOP_SILKSCREEN" originx="179.13385826771" originy="0" startangle=".0" sweepangle="180.0" radius="1.9685039370079" width="7.8740157480314" />
  </footprint>
  <symbol name="43045-0413" originx="0" originy="0">
    <line originx="200" originy="100" endx="600" endy="100" width="10" />
    <line originx="600" originy="-200" endx="600" endy="100" width="10" />
    <line originx="600" originy="-200" endx="200" endy="-200" width="10" />
    <line originx="200" originy="100" endx="200" endy="-200" width="10" />
    <sympin number="1" originx="600" originy="-100" rotation="0" length="100" width="7.8740157480315" flipped="False">
      <text name="pinname" originx="0" originy="0" style="Default" rotation="0" justify="left" flipped="False" hidden="False" data="1" />
      <text name="pindes" originx="0" originy="0" style="Default" rotation="0" justify="lowerright" flipped="False" hidden="False" data="1" />
    </sympin>
    <sympin number="2" originx="200" originy="-100" rotation="180" length="100" width="7.8740157480315" flipped="False">
      <text name="pinname" originx="0" originy="0" style="Default" rotation="0" justify="left" flipped="False" hidden="False" data="2" />
      <text name="pindes" originx="0" originy="0" style="Default" rotation="0" justify="lowerright" flipped="False" hidden="False" data="2" />
    </sympin>
    <sympin number="3" originx="600" originy="0" rotation="0" length="100" width="7.8740157480315" flipped="False">
      <text name="pinname" originx="0" originy="0" style="Default" rotation="0" justify="left" flipped="False" hidden="False" data="3" />
      <text name="pindes" originx="0" originy="0" style="Default" rotation="0" justify="lowerright" flipped="False" hidden="False" data="3" />
    </sympin>
    <sympin number="4" originx="200" originy="0" rotation="180" length="100" width="7.8740157480315" flipped="False">
      <text name="pinname" originx="0" originy="0" style="Default" rotation="0" justify="left" flipped="False" hidden="False" data="4" />
      <text name="pindes" originx="0" originy="0" style="Default" rotation="0" justify="lowerright" flipped="False" hidden="False" data="4" />
    </sympin>
  </symbol>
  <component name="43045-0413" designatorprefix="J" height="400" footprint="430450413">
    <comppin designator="1" sympin="1" pinswap="0" gateswap="0" gate="1" group="1" side="" type="Any" name="1" />
    <comppin designator="2" sympin="2" pinswap="0" gateswap="0" gate="1" group="1" side="" type="Any" name="2" />
    <comppin designator="3" sympin="3" pinswap="0" gateswap="0" gate="1" group="1" side="" type="Any" name="3" />
    <comppin designator="4" sympin="4" pinswap="0" gateswap="0" gate="1" group="1" side="" type="Any" name="4" />
    <attached_symbol gate="1" name="43045-0413" />
    <pinmap designator="1" footprintpin="1" />
    <pinmap designator="2" footprintpin="2" />
    <pinmap designator="3" footprintpin="3" />
    <pinmap designator="4" footprintpin="4" />
    <text name="Datasheet" originx="0" originy="0" style="Default" rotation="0" justify="" flipped="False" hidden="True" data="http://uk.rs-online.com/web/p/products/6700333P" />
    <text name="Description" originx="0" originy="0" style="Default" rotation="0" justify="" flipped="False" hidden="True" data="Micro-Fit 3.0 Vertical Header, 3.00mm Pitch, Dual Row,  Circuits, with PCB Polarizing Peg, Tin, Glow-Wire Capable, Black" />
    <text name="RS Part Number" originx="0" originy="0" style="Default" rotation="0" justify="" flipped="False" hidden="True" data="6700333P" />
    <text name="RS Price/Stock" originx="0" originy="0" style="Default" rotation="0" justify="" flipped="False" hidden="True" data="http://uk.rs-online.com/web/p/products/6700333P" />
    <text name="Manufacturer_Name" originx="0" originy="0" style="Default" rotation="0" justify="" flipped="False" hidden="True" data="Molex" />
    <text name="Manufacturer_Part_Number" originx="650" originy="200" style="Default" rotation="0" justify="left" flipped="False" hidden="False" data="43045-0413" />
    <text name="Allied_Number" originx="0" originy="0" style="Default" rotation="0" justify="" flipped="False" hidden="True" data="70090720" />
  </component>
</quadcept_library>
