<?xml version="1.0" encoding="utf-8"?>
<!--/294101/95451/2.47/2/3/Connector/-->
<quadcept_library>
  <setting unit="mil" />
  <textstyle name="Default" height="47.244094488189" strokewidth="7.8740157480315" charwidth="47.244094488189" />
  <textstyle name="Dimension" height="19.6850393700787" strokewidth="0" charwidth="19.6850393700787" />
  <textstyle name="H127W0635TH00762" height="50" strokewidth="3" charwidth="25" />
  <textstyle name="H15W15TH02" height="59.0551181102362" strokewidth="7.8740157480315" charwidth="59.0551181102362" />
  <padstyle name="c162_h107" surface="False" plated="True" isvia="False" nopaste="True" nomask="True" complex="False" holesize="42.125984251968">
    <padshape layer="TOP" shape="round" width="63.779527559054" height="63.779527559054" />
    <padshape layer="INNER" shape="round" width="63.779527559054" height="63.779527559054" />
    <padshape layer="BOTTOM" shape="round" width="63.779527559054" height="63.779527559054" />
  </padstyle>
  <footprint name="43045-0213" originx="0" originy="0" pickpointx="0" pickpointy="0">
    <pcbpin number="1" name="1" style="c162_h107" originx="130.90551181102" originy="97.244094488188" rotation="90" />
    <pcbpin number="2" name="2" style="c162_h107" originx="130.90551181102" originy="215.35433070866" rotation="90" />
    <pcbpin number="3" name="3" style="c162_h107" originx="12.795275590551" originy="252.36220472441" rotation="90" />
    <pcbpin number="4" name="4" style="c162_h107" originx="249.01574803149" originy="252.36220472441" rotation="90" />
    <line layer="TOP_ASSEMBLY" originx="0" originy="290.15748031496" endx="261.81102362204" endy="290.15748031496" width="9.9999999999999" />
    <line layer="TOP_ASSEMBLY" originx="261.81102362204" originy="290.15748031496" endx="261.81102362204" endy="0" width="9.9999999999999" />
    <line layer="TOP_ASSEMBLY" originx="261.81102362204" originy="0" endx="0" endy="0" width="9.9999999999999" />
    <line layer="TOP_ASSEMBLY" originx="0" originy="0" endx="0" endy="290.15748031496" width="9.9999999999999" />
    <line layer="TOP_SILKSCREEN" originx="0" originy="290.15748031496" endx="261.81102362204" endy="290.15748031496" width="9.9999999999999" />
    <line layer="TOP_SILKSCREEN" originx="261.81102362204" originy="0" endx="0" endy="0" width="9.9999999999999" />
    <line layer="TOP_SILKSCREEN" originx="0" originy="0" endx="0" endy="208.66141732283" width="9.9999999999999" />
    <line layer="TOP_SILKSCREEN" originx="261.81102362204" originy="0" endx="261.81102362204" endy="208.66141732283" width="9.9999999999999" />
    <arc layer="TOP_SILKSCREEN" originx="-23.110236220472" originy="88.188976377952" startangle="180" sweepangle="180" radius="1.6929133858268" width="9.9999999999999" />
    <arc layer="TOP_SILKSCREEN" originx="-23.110236220472" originy="88.188976377952" startangle="180" sweepangle="-180" radius="1.6929133858268" width="9.9999999999999" />
  </footprint>
  <symbol name="43045-0213" originx="0" originy="0">
    <line originx="200" originy="100" endx="600" endy="100" width="10" />
    <line originx="600" originy="-100" endx="600" endy="100" width="10" />
    <line originx="600" originy="-100" endx="200" endy="-100" width="10" />
    <line originx="200" originy="100" endx="200" endy="-100" width="10" />
    <sympin number="1" originx="200" originy="0" rotation="180" length="100" width="7.8740157480315" flipped="False">
      <text name="pinname" originx="0" originy="0" style="Default" rotation="0" justify="left" flipped="False" hidden="False" data="1" />
      <text name="pindes" originx="0" originy="0" style="Default" rotation="0" justify="lowerright" flipped="False" hidden="False" data="1" />
    </sympin>
    <sympin number="2" originx="600" originy="0" rotation="0" length="100" width="7.8740157480315" flipped="False">
      <text name="pinname" originx="0" originy="0" style="Default" rotation="0" justify="left" flipped="False" hidden="False" data="2" />
      <text name="pindes" originx="0" originy="0" style="Default" rotation="0" justify="lowerright" flipped="False" hidden="False" data="2" />
    </sympin>
  </symbol>
  <component name="43045-0213" designatorprefix="J" height="0" footprint="43045-0213">
    <comppin designator="1" sympin="1" pinswap="0" gateswap="0" gate="1" group="1" side="" type="Any" name="1" />
    <comppin designator="2" sympin="2" pinswap="0" gateswap="0" gate="1" group="1" side="" type="Any" name="2" />
    <attached_symbol gate="1" name="43045-0213" />
    <pinmap designator="1" footprintpin="1" />
    <pinmap designator="2" footprintpin="2" />
    <text name="Datasheet" originx="0" originy="0" style="Default" rotation="0" justify="" flipped="False" hidden="True" data="http://uk.rs-online.com/web/p/products/6700305P" />
    <text name="Description" originx="0" originy="0" style="Default" rotation="0" justify="" flipped="False" hidden="True" data="Header 3.00mm, WTB, dual row, vert,2w Molex MICRO-FIT 3.0 Series, Series Number 43045, 3mm Pitch 2 Way 2 Row Straight PCB Header, Solder Termination, 5A" />
    <text name="RS Part Number" originx="0" originy="0" style="Default" rotation="0" justify="" flipped="False" hidden="True" data="6700305P" />
    <text name="RS Price/Stock" originx="0" originy="0" style="Default" rotation="0" justify="" flipped="False" hidden="True" data="http://uk.rs-online.com/web/p/products/6700305P" />
    <text name="Manufacturer_Name" originx="0" originy="0" style="Default" rotation="0" justify="" flipped="False" hidden="True" data="Molex" />
    <text name="Manufacturer_Part_Number" originx="650" originy="200" style="Default" rotation="0" justify="left" flipped="False" hidden="False" data="43045-0213" />
    <text name="Allied_Number" originx="0" originy="0" style="Default" rotation="0" justify="" flipped="False" hidden="True" data="70090781" />
  </component>
</quadcept_library>
