<?xml version="1.0" encoding="utf-8"?>
<!--/487149/95451/2.47/6/4/Connector/-->
<quadcept_library>
  <setting unit="mil" />
  <textstyle name="Default" height="47.244094488189" strokewidth="7.8740157480315" charwidth="47.244094488189" />
  <textstyle name="Dimension" height="19.6850393700787" strokewidth="0" charwidth="19.6850393700787" />
  <textstyle name="H127W0635TH00762" height="50" strokewidth="3" charwidth="25" />
  <textstyle name="H15W15TH02" height="59.0551181102362" strokewidth="7.8740157480315" charwidth="59.0551181102362" />
  <padstyle name="c418.5_h279" surface="False" plated="True" isvia="False" nopaste="True" nomask="True" complex="False" holesize="109.84251968504">
    <padshape layer="TOP" shape="round" width="164.76377952756" height="164.76377952756" />
    <padshape layer="INNER" shape="round" width="164.76377952756" height="164.76377952756" />
    <padshape layer="BOTTOM" shape="round" width="164.76377952756" height="164.76377952756" />
  </padstyle>
  <padstyle name="c265.5_h177" surface="False" plated="True" isvia="False" nopaste="True" nomask="True" complex="False" holesize="69.685039370078">
    <padshape layer="TOP" shape="round" width="104.52755905512" height="104.52755905512" />
    <padshape layer="INNER" shape="round" width="104.52755905512" height="104.52755905512" />
    <padshape layer="BOTTOM" shape="round" width="104.52755905512" height="104.52755905512" />
  </padstyle>
  <footprint name="DT152P" originx="0" originy="0" pickpointx="0" pickpointy="0">
    <pcbpin number="1" name="1" style="c265.5_h177" originx="0" originy="0" rotation="90" />
    <pcbpin number="2" name="2" style="c265.5_h177" originx="0" originy="214.96062992126" rotation="90" />
    <pcbpin number="3" name="MH1" style="c418.5_h279" originx="291.33858267716" originy="-253.14960629921" rotation="90" />
    <pcbpin number="4" name="MH2" style="c418.5_h279" originx="291.33858267716" originy="467.71653543307" rotation="90" />
    <pcbpin number="5" name="MH3" style="c418.5_h279" originx="-240.55118110236" originy="467.71653543307" rotation="90" />
    <pcbpin number="6" name="MH4" style="c418.5_h279" originx="-240.55118110236" originy="-253.14960629921" rotation="90" />
    <line layer="TOP_ASSEMBLY" originx="-514.56692913385" originy="802.3622047244" endx="565.35433070865" endy="802.3622047244" width="7.8740157480314" />
    <line layer="TOP_ASSEMBLY" originx="565.35433070865" originy="802.3622047244" endx="565.35433070865" endy="-587.79527559054" width="7.8740157480314" />
    <line layer="TOP_ASSEMBLY" originx="565.35433070865" originy="-587.79527559054" endx="-514.56692913385" endy="-587.79527559054" width="7.8740157480314" />
    <line layer="TOP_ASSEMBLY" originx="-514.56692913385" originy="-587.79527559054" endx="-514.56692913385" endy="802.3622047244" width="7.8740157480314" />
    <line layer="TOP_SILKSCREEN" originx="-514.56692913385" originy="802.3622047244" endx="565.35433070865" endy="802.3622047244" width="3.9370078740157" />
    <line layer="TOP_SILKSCREEN" originx="565.35433070865" originy="802.3622047244" endx="565.35433070865" endy="-587.79527559054" width="3.9370078740157" />
    <line layer="TOP_SILKSCREEN" originx="565.35433070865" originy="-587.79527559054" endx="-514.56692913385" endy="-587.79527559054" width="3.9370078740157" />
    <line layer="TOP_SILKSCREEN" originx="-514.56692913385" originy="-587.79527559054" endx="-514.56692913385" endy="802.3622047244" width="3.9370078740157" />
    <line layer="TOP_PLACE_BOUND" originx="-553.93700787401" originy="841.73228346456" endx="604.72440944881" endy="841.73228346456" width="3.9370078740157" />
    <line layer="TOP_PLACE_BOUND" originx="604.72440944881" originy="841.73228346456" endx="604.72440944881" endy="-627.1653543307" width="3.9370078740157" />
    <line layer="TOP_PLACE_BOUND" originx="604.72440944881" originy="-627.1653543307" endx="-553.93700787401" endy="-627.1653543307" width="3.9370078740157" />
    <line layer="TOP_PLACE_BOUND" originx="-553.93700787401" originy="-627.1653543307" endx="-553.93700787401" endy="841.73228346456" width="3.9370078740157" />
  </footprint>
  <symbol name="DT15-2P" originx="0" originy="0">
    <line originx="200" originy="100" endx="800" endy="100" width="10" />
    <line originx="800" originy="-300" endx="800" endy="100" width="10" />
    <line originx="800" originy="-300" endx="200" endy="-300" width="10" />
    <line originx="200" originy="100" endx="200" endy="-300" width="10" />
    <sympin number="1" originx="200" originy="0" rotation="180" length="100" width="7.8740157480315" flipped="False">
      <text name="pinname" originx="0" originy="0" style="Default" rotation="0" justify="left" flipped="False" hidden="False" data="1" />
      <text name="pindes" originx="0" originy="0" style="Default" rotation="0" justify="lowerright" flipped="False" hidden="False" data="1" />
    </sympin>
    <sympin number="2" originx="200" originy="-100" rotation="180" length="100" width="7.8740157480315" flipped="False">
      <text name="pinname" originx="0" originy="0" style="Default" rotation="0" justify="left" flipped="False" hidden="False" data="2" />
      <text name="pindes" originx="0" originy="0" style="Default" rotation="0" justify="lowerright" flipped="False" hidden="False" data="2" />
    </sympin>
    <sympin number="3" originx="200" originy="-200" rotation="180" length="100" width="7.8740157480315" flipped="False">
      <text name="pinname" originx="0" originy="0" style="Default" rotation="0" justify="left" flipped="False" hidden="False" data="MH1" />
      <text name="pindes" originx="0" originy="0" style="Default" rotation="0" justify="lowerright" flipped="False" hidden="False" data="MH1" />
    </sympin>
    <sympin number="4" originx="800" originy="0" rotation="0" length="100" width="7.8740157480315" flipped="False">
      <text name="pinname" originx="0" originy="0" style="Default" rotation="0" justify="left" flipped="False" hidden="False" data="MH2" />
      <text name="pindes" originx="0" originy="0" style="Default" rotation="0" justify="lowerright" flipped="False" hidden="False" data="MH2" />
    </sympin>
    <sympin number="5" originx="800" originy="-100" rotation="0" length="100" width="7.8740157480315" flipped="False">
      <text name="pinname" originx="0" originy="0" style="Default" rotation="0" justify="left" flipped="False" hidden="False" data="MH3" />
      <text name="pindes" originx="0" originy="0" style="Default" rotation="0" justify="lowerright" flipped="False" hidden="False" data="MH3" />
    </sympin>
    <sympin number="6" originx="800" originy="-200" rotation="0" length="100" width="7.8740157480315" flipped="False">
      <text name="pinname" originx="0" originy="0" style="Default" rotation="0" justify="left" flipped="False" hidden="False" data="MH4" />
      <text name="pindes" originx="0" originy="0" style="Default" rotation="0" justify="lowerright" flipped="False" hidden="False" data="MH4" />
    </sympin>
  </symbol>
  <component name="DT15-2P" designatorprefix="J" height="1220.0787401575" footprint="DT152P">
    <comppin designator="1" sympin="1" pinswap="0" gateswap="0" gate="1" group="1" side="" type="Any" name="1" />
    <comppin designator="2" sympin="2" pinswap="0" gateswap="0" gate="1" group="1" side="" type="Any" name="2" />
    <comppin designator="MH1" sympin="MH1" pinswap="0" gateswap="0" gate="1" group="1" side="" type="Any" name="MH1" />
    <comppin designator="MH2" sympin="MH2" pinswap="0" gateswap="0" gate="1" group="1" side="" type="Any" name="MH2" />
    <comppin designator="MH3" sympin="MH3" pinswap="0" gateswap="0" gate="1" group="1" side="" type="Any" name="MH3" />
    <comppin designator="MH4" sympin="MH4" pinswap="0" gateswap="0" gate="1" group="1" side="" type="Any" name="MH4" />
    <attached_symbol gate="1" name="DT15-2P" />
    <pinmap designator="1" footprintpin="1" />
    <pinmap designator="2" footprintpin="2" />
    <pinmap designator="MH1" footprintpin="3" />
    <pinmap designator="MH2" footprintpin="4" />
    <pinmap designator="MH3" footprintpin="5" />
    <pinmap designator="MH4" footprintpin="6" />
    <text name="Datasheet" originx="0" originy="0" style="Default" rotation="0" justify="" flipped="False" hidden="True" data="http://uk.rs-online.com/web/p/products/7242529" />
    <text name="Description" originx="0" originy="0" style="Default" rotation="0" justify="" flipped="False" hidden="True" data="Deutsch DT15 Series, 5.46mm Pitch 2 Way 1 Row Straight PCB Header, Solder Termination" />
    <text name="RS Part Number" originx="0" originy="0" style="Default" rotation="0" justify="" flipped="False" hidden="True" data="7242529" />
    <text name="RS Price/Stock" originx="0" originy="0" style="Default" rotation="0" justify="" flipped="False" hidden="True" data="http://uk.rs-online.com/web/p/products/7242529" />
    <text name="Manufacturer_Name" originx="0" originy="0" style="Default" rotation="0" justify="" flipped="False" hidden="True" data="TE Connectivity" />
    <text name="Manufacturer_Part_Number" originx="850" originy="200" style="Default" rotation="0" justify="left" flipped="False" hidden="False" data="DT15-2P" />
    <text name="Allied_Number" originx="0" originy="0" style="Default" rotation="0" justify="" flipped="False" hidden="True" data="70696153" />
  </component>
</quadcept_library>
